{
  "n_samples": 56962,
  "max_abs_error": 4.969246543140571e-07,
  "mean_abs_error": 7.746065326460816e-08,
  "median_abs_error": 6.424531218129914e-08,
  "abs_error_distribution": {
    "p50": 6.424531218129914e-08,
    "p90": 1.6103978861536916e-07,
    "p99": 2.6678391666479225e-07,
    "p99.9": 3.471970082404864e-07,
    "min": 5.0182080713057076e-12,
    "max": 4.969246543140571e-07
  },
  "roc_auc_encrypted": 0.9793983927279408,
  "pr_auc_encrypted": 0.8238348513573128
}