{
  "n_samples": 56962,
  "max_abs_error": 4.344353881080565e-07,
  "mean_abs_error": 7.711101771065313e-08,
  "median_abs_error": 6.330511626018165e-08,
  "abs_error_distribution": {
    "p50": 6.330511626018165e-08,
    "p90": 1.6187945615087076e-07,
    "p99": 2.685834879834203e-07,
    "p99.9": 3.5575905043750035e-07,
    "min": 9.132250511356688e-12,
    "max": 4.344353881080565e-07
  },
  "roc_auc_encrypted": 0.9793983927279408,
  "pr_auc_encrypted": 0.8238348513573128
}